Gene set	size	genes
Op:aaeXAB	3	b3242,b3241,b3240
Op:aas-lplT	2	b2836,b2835
Op:abgABT-ogt	4	b1338,b1337,b1336,b1335
Op:abpAB	2	b2628,b2627
Op:accBC	2	b3255,b3256
Op:aceBAK	3	b4014,b4015,b4016
Op:ackA-pta	2	b2296,b2297
Op:acrAB	2	b0463,b0462
Op:acrEF	2	b3265,b3266
Op:acs-yjcH-actP	3	b4069,b4068,b4067
Op:ada-alkB	2	b2213,b2212
Op:agaS-kbaY-agaBCDI	6	b3136,b3137,b3138,b3139,b3140,b3141
Op:ahpCF	2	b0605,b0606
Op:alaA-yfbR	2	b2290,b2291
Op:allDCE	3	b0517,b0516,b0515
Op:alsRBACE	5	b4089,b4088,b4087,b4086,b4085
Op:amiA-hemF	2	b2435,b2436
Op:ampDE	2	b0110,b0111
Op:ansA-pncA	2	b1767,b1768
Op:appCBXA	4	b0978,b0979,b4592,b0980
Op:araBAD	3	b0063,b0062,b0061
Op:araE-ygeA	2	b2841,b2840
Op:araFGH	3	b1901,b1900,b4460
Op:argCBH	3	b3958,b3959,b3960
Op:argT-hisJQMP	5	b2310,b2309,b2308,b2307,b2306
Op:arnBCADTEF	7	b2253,b2254,b2255,b2256,b2257,b4544,b2258
Op:aroF-tyrA	2	b2601,b2600
Op:aroKB-damX-dam-rpe-gph-trpS	7	b3390,b3389,b3388,b3387,b3386,b3385,b3384
Op:aroL-yaiA-aroM	3	b0388,b0389,b0390
Op:arsRBC	3	b3501,b3502,b3503
Op:artPIQM	4	b0864,b0863,b0862,b0861
Op:ascFB	2	b2715,b2716
Op:asnC-mioC-mnmG-rsmG	4	b3743,b3742,b3741,b3740
Op:aspA-dcuA	2	b4139,b4138
Op:astCADBE	5	b1748,b1747,b1746,b1745,b1744
Op:atoDAEB	4	b2221,b2222,b2223,b2224
Op:atoSC	2	b2219,b2220
Op:atpIBEFHAGDC	9	b3739,b3738,b3737,b3736,b3735,b3734,b3733,b3732,b3731
Op:bamA-skp-lpxD-fabZ-lpxAB-rnhB-dnaE	8	b0177,b0178,b0179,b0180,b0181,b0182,b0183,b0184
Op:bamB-der	2	b2512,b2511
Op:basRS	2	b4113,b4112
Op:bcsABZC	4	b3533,b3532,b3531,b3530
Op:bcsEFG	3	b3536,b3537,b3538
Op:bdm-sra	2	b1481,b1480
Op:bepA-yfgD	2	b2494,b2495
Op:betIBA	3	b0313,b0312,b0311
Op:bfd-bfr	2	b3337,b3336
Op:bglGFB	3	b3723,b3722,b3721
Op:bglH-yieLK	3	b3720,b3719,b3718
Op:bioBFCD	4	b0775,b0776,b0777,b0778
Op:brnQ-proY	2	b0401,b0402
Op:btsSR	2	b2126,b2125
Op:btuB-murI	2	b3966,b3967
Op:btuCED	3	b1711,b1710,b1709
Op:cadBA	2	b4132,b4131
Op:caiTABCDE	6	b0040,b0039,b0038,b0037,b0036,b0035
Op:carAB	2	b0032,b0033
Op:casABCDE12	7	b2760,b2759,b2758,b2757,b2756,b2755,b2754
Op:cbpAM	2	b1000,b0999
Op:cbrBC	2	b3716,b3717
Op:cecR-ybhGFSR	5	b0796,b0795,b0794,b0793,b0792
Op:chaBC	2	b1217,b1218
Op:chbBCARFG	6	b1738,b1737,b1736,b1735,b1734,b1733
Op:chiPQ	2	b0681,b0682
Op:chpSB	2	b4224,b4225
Op:citCDEFXG	6	b0618,b0617,b0616,b0615,b0614,b0613
Op:clpPX-lon	3	b0437,b0438,b0439
Op:clsA-yciU	2	b1249,b1248
Op:cmk-rpsA-ihfB	3	b0910,b0911,b0912
Op:cmoM-mukFEB	4	b0921,b0922,b0923,b0924
Op:cmtBA-yggPF-fumE-yggC	6	b2934,b2933,b4465,b2930,b2929,b2928
Op:coaE-zapD-yacG	3	b0103,b0102,b0101
Op:cobUST	3	b1993,b1992,b1991
Op:codBA	2	b0336,b0337
Op:cpxRA	2	b3912,b3911
Op:creABCD	4	b4397,b4398,b4399,b4400
Op:csdAE	2	b2810,b2811
Op:csgBAC	3	b1041,b1042,b1043
Op:csgDEFG	4	b1040,b1039,b1038,b1037
Op:cusCFBA	4	b0572,b0573,b0574,b0575
Op:cusRS	2	b0571,b0570
Op:cvpA-purF-ubiX	3	b2313,b2312,b2311
Op:cydAB	2	b0733,b0734
Op:cydDC	2	b0887,b0886
Op:cydX-ybgE	2	b4515,b0735
Op:cynTSX	3	b0339,b0340,b0341
Op:cyoABCDE	5	b0432,b0431,b0430,b0429,b0428
Op:cysDNC	3	b2752,b2751,b2750
Op:cysJIH	3	b2764,b2763,b2762
Op:cysPUWAM	5	b2425,b2424,b2423,b2422,b2421
Op:cyuPA	2	b3110,b4470
Op:dadAX	2	b1189,b1190
Op:dapA-bamC	2	b2478,b2477
Op:dcm-vsr	2	b1961,b1960
Op:dcuB-fumB	2	b4123,b4122
Op:dcuSR	2	b4125,b4124
Op:dcyD-tcyLN	3	b1919,b1918,b1917
Op:ddpXABCDF	6	b1488,b1487,b1486,b1485,b1484,b1483
Op:def-fmt	2	b3287,b3288
Op:degQS	2	b3234,b3235
Op:deoCABD	4	b4381,b4382,b4383,b4384
Op:dgoRKADT	5	b4479,b3693,b4477,b4478,b3691
Op:dhaKLM	3	b1200,b1199,b1198
Op:dicB-ydfDE-insD7-intQ	4	b1575,b1576,b1577,b1579
Op:dicC-ydfXW	3	b1569,b1568,b1567
Op:dinB-yafNOP	4	b0231,b0232,b0233,b0234
Op:dinG-ybiB	2	b0799,b0800
Op:dinJ-yafQ	2	b0226,b0225
Op:dmsABC	3	b0894,b0895,b0896
Op:dnaAN-recF	3	b3702,b3701,b3700
Op:dnaK-tpke11-dnaJ	2	b0014,b0015
Op:dosCP	2	b1490,b1489
Op:dpiBA	2	b0619,b0620
Op:dppABCDF	5	b3544,b3543,b3542,b3541,b3540
Op:dsbD-yjdC	2	b4136,b4135
Op:dsdXA	2	b2365,b2366
Op:dusB-fis	2	b3260,b3261
Op:dut-slmA	2	b3640,b3641
Op:dxr-uppS-cdsA	2	b0173,b0175
Op:ebgAC	2	b3076,b3077
Op:ecnAB	2	b4410,b4411
Op:ecpBCDE	4	b0292,b0291,b0290,b0289
Op:edd-eda	2	b1851,b1850
Op:efeOB	2	b1018,b1019
Op:elbB-mtgA	2	b3209,b3208
Op:elfDCG-ycbUVF	6	b0939,b0940,b0941,b0942,b0943,b0944
Op:emrKY	2	b2368,b2367
Op:entCEBAH	5	b0593,b0594,b0595,b0596,b0597
Op:envY-ompT	2	b0566,b0565
Op:epd-pgk-fbaA	3	b2927,b2926,b2925
Op:essD-rrrD-rzpD	3	b0554,b0555,b0556
Op:essQ-ydfR-rrrQ-rzpQ	4	b1556,b1555,b1554,b1553
Op:eutBCLKR	5	b2441,b2440,b2439,b2438,b2437
Op:eutHA	2	b2452,b2451
Op:eutNEJG	4	b2456,b2455,b2454,b2453
Op:eutSPQTDM	6	b2462,b2461,b2460,b2459,b2458,b2457
Op:evgAS	2	b2369,b2370
Op:exbBD	2	b3006,b3005
Op:fabR-yijD	2	b3963,b3964
Op:fadBA	2	b3846,b3845
Op:fadIJ	2	b2342,b2341
Op:fdnGHI	3	b1474,b1475,b1476
Op:fdoGHI-fdhE	4	b3894,b3893,b3892,b3891
Op:fdrA-ylbEF-ybcF	4	b0518,b4572,b0520,b0521
Op:fecABCDE	5	b4291,b4290,b4289,b4288,b4287
Op:fecIR	2	b4293,b4292
Op:feoABC	3	b3408,b3409,b3410
Op:fepA-entD	2	b0584,b0583
Op:fepDGC	3	b0590,b0589,b0588
Op:fes-ybdZ-entF-fepE	4	b0585,b4511,b0586,b0587
Op:fetAB	2	b0490,b0491
Op:fhuACDB	4	b0150,b0151,b0152,b0153
Op:fimAICDFGH	7	b4314,b4315,b4316,b4317,b4318,b4319,b4320
Op:fixABCX	4	b0041,b0042,b0043,b0044
Op:fldA-uof-fur	3	b0684,b4637,b0683
Op:flgAMN	3	b1072,b1071,b1070
Op:flgBCDEFGHIJ	9	b1073,b1074,b1075,b1076,b1077,b1078,b1079,b1080,b1081
Op:flgKL	2	b1082,b1083
Op:flhBAE	3	b1880,b1879,b1878
Op:flhDC	2	b1892,b1891
Op:fliAZ-tcyJ	3	b1922,b1921,b1920
Op:fliDST	3	b1924,b1925,b1926
Op:fliFGHIJK	6	b1938,b1939,b1940,b1941,b1942,b1943
Op:fliLMNOPQR	7	b1944,b1945,b1946,b1947,b1948,b1949,b1950
Op:focA-pflB	2	b0904,b0903
Op:folC-dedD	2	b2315,b2314
Op:folD-ybcJ	2	b0529,b0528
Op:folE-yeiB	2	b2153,b2152
Op:folP-glmM	2	b3177,b3176
Op:folX-yfcH	2	b2303,b2304
Op:frdABCD	4	b4154,b4153,b4152,b4151
Op:frlABCDR	5	b3370,b3371,b4474,b3374,b3375
Op:frmRAB	3	b0357,b0356,b0355
Op:fruBKA	3	b2169,b2168,b2167
Op:frvABXR	4	b3900,b3899,b3898,b3897
Op:frwCB	2	b3949,b3950
Op:fryBC-ypdFE-fryA	5	b2387,b2386,b2385,b2384,b2383
Op:ftsYEX	3	b3464,b3463,b3462
Op:fucAO	2	b2800,b2799
Op:fucPIKUR	5	b2801,b2802,b2803,b2804,b2805
Op:fumAC	2	b1612,b1611
Op:gadAXW	3	b3517,b3516,b3515
Op:gadBC	2	b1493,b1492
Op:gadEF-mdtEF	3	b3512,b3513,b3514
Op:galETKM	4	b0759,b0758,b0757,b0756
Op:gapA-yeaD	2	b1779,b1780
Op:garPLRK-rnpB	4	b3127,b3126,b3125,b3124
Op:gatYZABCD	6	b2096,b2095,b2094,b2093,b2092,b2091
Op:gcl-hyi-glxR-ybbW-allB-ybbY-glxK	7	b0507,b0508,b0509,b0511,b0512,b0513,b0514
Op:gcvTHP	3	b2905,b2904,b2903
Op:gfcBCD	3	b0986,b0985,b0984
Op:gfcE-etp-etk	3	b0983,b0982,b0981
Op:ghoST	2	b4128,b4559
Op:glaH-lhgD-gabDTP	3	b2661,b2662,b2663
Op:glcDEFGBA	6	b2979,b4468,b4467,b2977,b2976,b2975
Op:glf-wbbH	2	b2036,b2035
Op:glgBXCAP	5	b3432,b3431,b3430,b3429,b3428
Op:glmUS	2	b3730,b3729
Op:glnALG	3	b3870,b3869,b3868
Op:glnHPQ	3	b0811,b0810,b0809
Op:glnK-amtB	2	b0450,b0451
Op:glpABC	3	b2241,b2242,b2243
Op:glpEGR	3	b3425,b3424,b3423
Op:glpFKX	3	b3927,b3926,b3925
Op:glpTQ	2	b2240,b2239
Op:glrR-glnB	2	b2554,b2553
Op:glsA-ybaT	2	b0485,b0486
Op:glsB-yneG	2	b1524,b1523
Op:gltBDF	3	b3212,b3213,b3214
Op:gltI-sroC-gltJKL	4	b0655,b0654,b0653,b0652
Op:glvCBG-ysdC	3	b3683,b3682,b3681
Op:glyQS	2	b3560,b3559
Op:gntRKU	3	b3438,b3437,b4476
Op:gpmM-envC-yibQ	3	b3612,b3613,b3614
Op:groSL	2	b4142,b4143
Op:gspAB	2	b3323,b3322
Op:gspCDEFGHIJKLMO	12	b3324,b3325,b3326,b3327,b3328,b3329,b3330,b3331,b3332,b3333,b3334,b3335
Op:guaBA	2	b2508,b2507
Op:gudPXD	3	b2789,b2788,b2787
Op:hcaEFCBD	5	b2538,b2539,b2540,b2541,b2542
Op:hcp-hcr-poxB-ltaE-ybjT	5	b0873,b0872,b0871,b0870,b0869
Op:hdeAB-yhiD	3	b3510,b3509,b3508
Op:hemA-prfA-prmC	3	b1210,b1211,b1212
Op:hemCDXY	4	b3805,b3804,b3803,b3802
Op:hflD-purB	2	b1132,b1131
Op:hicAB	2	b4532,b1438
Op:higBA	2	b3083,b3082
Op:hinT-ycfL-lpoB-thiK-nagZ-ycfP	6	b1103,b1104,b1105,b1106,b1107,b1108
Op:hipBA	2	b1508,b1507
Op:hisLGDCBHAFI	9	b2018,b2019,b2020,b2021,b2022,b2023,b2024,b2025,b2026
Op:hofMNOP	4	b3395,b3394,b3393,b3392
Op:holC-valS	2	b4259,b4258
Op:holD-rimI-yjjG	3	b4372,b4373,b4374
Op:hprRS	2	b1969,b1968
Op:hscBA-fdx-iscX	4	b2527,b2526,b2525,b2524
Op:hsdRMS	3	b4350,b4349,b4348
Op:hslVU	2	b3932,b3931
Op:hyaABCDEF	6	b0972,b0973,b0974,b0975,b0976,b0977
Op:hybOABCDEFG	8	b2997,b2996,b2995,b2994,b2993,b2992,b2991,b2990
Op:hycABCDEFGHI	9	b2725,b2724,b2723,b2722,b2721,b2720,b2719,b2718,b2717
Op:hydN-hypF	2	b2713,b2712
Op:hyfABCDEFGHIJR-focB	12	b2481,b2482,b2483,b2484,b2485,b2486,b2487,b2488,b2489,b2490,b2491,b2492
Op:hypABCDE-fhlA	6	b2726,b2727,b2728,b2729,b2730,b2731
Op:iaaA-gsiABCD	5	b0828,b0829,b0830,b0831,b0832
Op:ibaG-murA	2	b3190,b3189
Op:ibpAB	2	b3687,b3686
Op:idnDOTR	4	b4267,b4266,b4265,b4264
Op:ilvIH	2	b0077,b0078
Op:ilvLXGMEDA	7	b3766,b4669,b4488,b3769,b3770,b3771,b3772
Op:insAB2A2B2-afuBC	2	b0263,b0262
Op:insCD4C4D4-ygeON	2	b2859,b2858
Op:iscRSUA	4	b2531,b2530,b2529,b2528
Op:ispDF	2	b2747,b2746
Op:ivbL-ilvBN-uhpABC	6	b3672,b3671,b3670,b3669,b3668,b3667
Op:kbaZ-agaVWA	4	b3132,b3133,b3134,b3135
Op:kbl-tdh	2	b3617,b3616
Op:kdpDE	2	b0695,b0694
Op:kdpFABC	4	b4513,b0698,b0697,b0696
Op:kefFC	2	b0046,b0047
Op:kefGB-yheV	3	b3351,b3350,b4551
Op:kilR-ydaE	2	b1352,b4526
Op:lacZYA	3	b0344,b0343,b0342
Op:lapAB-pyrF-yciH	4	b1279,b1280,b1281,b1282
Op:lepAB	2	b2569,b2568
Op:leuLABCD	5	b0075,b0074,b0073,b0072,b0071
Op:leuS-lptE-holA-nadD-cobC	5	b0642,b0641,b0640,b0639,b0638
Op:lexA-dinF	2	b4043,b4044
Op:lgt-thyA	2	b2828,b2827
Op:ligA-ypeB	2	b2411,b4546
Op:livKHMGF	5	b3458,b3457,b3456,b3455,b3454
Op:lldPRD	3	b3603,b3604,b3605
Op:lolA-rarA	2	b0891,b0892
Op:lolB-ispE-prs	3	b1209,b1208,b1207
Op:lolCDE	3	b1116,b1117,b1118
Op:lptD-surA-pdxA-rsmA-apaGH	6	b0054,b0053,b0052,b0051,b0050,b0049
Op:lptFG	2	b4261,b4262
Op:lsrACDBFG-tam	7	b1513,b1514,b1515,b1516,b1517,b1518,b1519
Op:lsrRK	2	b1512,b1511
Op:macAB	2	b0878,b0879
Op:malEFG	3	b4034,b4033,b4032
Op:malK-lamB-malM	3	b4035,b4036,b4037
Op:malPQ	2	b3417,b3416
Op:malXY	2	b1621,b1622
Op:manXYZ	3	b1817,b1818,b1819
Op:map-glnD-dapD	3	b0168,b0167,b0166
Op:marRAB	3	b1530,b1531,b1532
Op:mcrBC	2	b4346,b4345
Op:mdlAB	2	b0448,b0449
Op:mdtABCD-baeSR	6	b2074,b2075,b2076,b2077,b2078,b2079
Op:mdtJI	2	b1600,b1599
Op:mdtM-yjiN	2	b4337,b4336
Op:mdtNOP	3	b4082,b4081,b4080
Op:melAB	2	b4119,b4120
Op:menA-rraA	2	b3930,b3929
Op:menFDHBCE	6	b2265,b2264,b2263,b2262,b2261,b2260
Op:metBL	2	b3939,b3940
Op:metNIQ	3	b0199,b0198,b0197
Op:metY-rimP-nusA-infB-rbfA-truB-rpsO-pnp	7	b3170,b3169,b3168,b3167,b3166,b3165,b3164
Op:mglBAC	3	b2150,b2149,b2148
Op:mgtLA	2	b4702,b4242
Op:mhpABCDFE	6	b0347,b0348,b0349,b0350,b0351,b0352
Op:mhpR-lacI	2	b0346,b0345
Op:minCDE	3	b1176,b1175,b1174
Op:mlaFEDCB	5	b3195,b3194,b3193,b3192,b3191
Op:mlc-ynfK	2	b1594,b1593
Op:mmuPM	2	b0260,b0261
Op:mnaT-ydcZ	2	b1448,b1447
Op:mngAB	2	b0731,b0732
Op:mntR-ybiR	2	b0817,b0818
Op:moaABCDE	5	b0781,b0782,b0783,b0784,b0785
Op:mobAB	2	b3857,b3856
Op:modABC	3	b0763,b0764,b0765
Op:modEF	2	b0761,b0760
Op:moeAB	2	b0827,b0826
Op:mokC-hokC	2	b0018,b4412
Op:motAB-cheAW	4	b1890,b1889,b1888,b1887
Op:mprA-emrAB	3	b2684,b2685,b2686
Op:mqsRA	2	b3022,b3021
Op:mraZ-rsmH-ftsLI-murEF-mraY-murD-ftsW-murGC-ddlB-ftsQAZ-lpxC	16	b0081,b0082,b0083,b0084,b0085,b0086,b0087,b0088,b0089,b0090,b0091,b0092,b0093,b0094,b0095,b0096
Op:mreBCD	3	b3251,b3250,b3249
Op:msrPQ	2	b1971,b1972
Op:mtlADR	3	b3599,b3600,b3601
Op:mtn-btuF-yadS	3	b0159,b0158,b0157
Op:murB-birA	2	b3972,b3973
Op:murQP-yfeW	3	b2428,b2429,b2430
Op:mutY-yggX-mltC-nupG	4	b2961,b2962,b2963,b2964
Op:nadA-pnuC	2	b0750,b0751
Op:nagBAC-umpH	4	b0678,b0677,b0676,b0675
Op:nagK-cobB	2	b1119,b1120
Op:nanATEK-yhcH	5	b3225,b3224,b3223,b3222,b3221
Op:nanCMS	3	b4311,b4310,b4309
Op:napFDAGHBC-ccmABCDEFGH	15	b2208,b2207,b2206,b2205,b2204,b2203,b2202,b2201,b2200,b2199,b2198,b2197,b2196,b2195,b2194
Op:narGHJI	4	b1224,b1225,b1226,b1227
Op:narXL	2	b1222,b1221
Op:narZYWV	4	b1468,b1467,b1466,b1465
Op:nemRA-gloA	3	b1649,b1650,b1651
Op:nfrBA	2	b0569,b0568
Op:nhaAR	2	b0019,b0020
Op:nikABCDER	6	b3476,b3477,b3478,b3479,b3480,b3481
Op:nirBDC-cysG	4	b3365,b3366,b3367,b3368
Op:nlpD-rpoS	2	b2742,b2741
Op:nnr-tsaE-amiB-mutL-miaA-hfq-hflXKC	9	b4167,b4168,b4169,b4170,b4171,b4172,b4173,b4174,b4175
Op:nohA-stfQ-tfaQ	2	b1548,b1546
Op:norVW	2	b2710,b2711
Op:nrdAB-yfaE	3	b2234,b2235,b2236
Op:nrdDG	2	b4238,b4237
Op:nrdHIEF	4	b2673,b2674,b2675,b2676
Op:nrdR-ribDE-nusB-thiL-pgpA	6	b0413,b0414,b0415,b0416,b0417,b0418
Op:nrfABCDEFG	7	b4070,b4071,b4072,b4073,b4074,b4075,b4076
Op:nsrR-rnr-rlmB-yjfIJ	5	b4178,b4179,b4180,b4181,b4182
Op:nudB-yebC-ruvC	3	b1865,b1864,b1863
Op:nudC-hemE-nfi	3	b3996,b3997,b3998
Op:nudF-yqiB-cpdA-yqiA-parE	5	b3034,b3033,b3032,b3031,b3030
Op:nuoABCEFGHIJKLMN	13	b2288,b2287,b2286,b2285,b2284,b2283,b2282,b2281,b2280,b2279,b2278,b2277,b2276
Op:ompR-envZ	2	b3405,b3404
Op:opgGH	2	b1048,b1049
Op:oppABCDF	5	b1243,b1244,b1245,b1246,b1247
Op:osmF-yehYXW	4	b2131,b2130,b2129,b2128
Op:otsBA	2	b1897,b1896
Op:paaABCDEFGHIJK	11	b1388,b1389,b1390,b1391,b1392,b1393,b1394,b1395,b1396,b1397,b1398
Op:paaXY	2	b1399,b1400
Op:pabB-nudL	2	b1812,b1813
Op:pabC-mltG-tmk-holB-ycfH	5	b1096,b1097,b1098,b1099,b1100
Op:panBC	2	b0134,b0133
Op:panE-yajL	2	b0425,b0424
Op:paoABCD	4	b0286,b0285,b0284,b0283
Op:pcnB-folK	2	b0143,b0142
Op:pdeI-dgcI	2	b0833,b0834
Op:pdhR-aceEF-lpd	4	b0113,b0114,b0115,b0116
Op:pdxB-usg-truA-dedA	4	b2320,b2319,b2318,b2317
Op:pdxH-tyrS-pdxY	3	b1638,b1637,b1636
Op:pepQ-yigZ-trkH-hemG	4	b3847,b3848,b3849,b3850
Op:pflDC	2	b3951,b3952
Op:pgaABCD	4	b1024,b1023,b1022,b1021
Op:pgpC-tadA	2	b2560,b2559
Op:pheLA	2	b2598,b2599
Op:phnCDEFGHIJKLMNOP	14	b4106,b4105,b4583,b4102,b4101,b4100,b4099,b4098,b4097,b4096,b4095,b4094,b4093,b4092
Op:phoA-psiF	2	b0383,b0384
Op:phoBR	2	b0399,b0400
Op:phoPQ	2	b1130,b1129
Op:pldB-yigL	2	b3825,b3826
Op:pntAB	2	b1603,b1602
Op:potABCD	4	b1126,b1125,b1124,b1123
Op:potFGHI	4	b0854,b0855,b0856,b0857
Op:ppdAB-ygdB-ppdC-recC	5	b2826,b2825,b2824,b2823,b2822
Op:ppdD-hofBC	3	b0108,b0107,b0106
Op:ppiB-lpxH	2	b0525,b0524
Op:ppk-ppx	2	b2501,b2502
Op:pqiABC	3	b0950,b0951,b0952
Op:preTA	2	b2146,b2147
Op:priC-ybaM	2	b0467,b0466
Op:prlC-rsmJ	2	b3498,b3497
Op:prlF-yhaV	2	b3129,b3130
Op:prmB-aroC-mepA-yfcA-epmC-yfcL	6	b2330,b2329,b2328,b2327,b2326,b2325
Op:proBA	2	b0242,b0243
Op:proQ-prc	2	b1831,b1830
Op:proVWX	3	b2677,b2678,b2679
Op:prpBCDE	4	b0331,b0333,b0334,b0335
Op:psd-mscM	2	b4160,b4159
Op:pspABCDE	5	b1304,b1305,b1306,b1307,b1308
Op:pstSCAB-phoU	5	b3728,b3727,b3726,b3725,b3724
Op:psuKG	2	b2166,b2165
Op:pth-ychF	2	b1204,b1203
Op:ptrA-recBD	3	b2821,b2820,b2819
Op:ptsA-fsaB-gldA	3	b3947,b3946,b3945
Op:ptsHI-crr	3	b2415,b2416,b2417
Op:purEK	2	b0523,b0522
Op:purHD	2	b4006,b4005
Op:purMN	2	b2499,b2500
Op:puuA-ymjE-puuP	3	b1297,b4742,b1296
Op:puuDRCBE	5	b1298,b1299,b1300,b1301,b1302
Op:pyrG-eno	2	b2780,b2779
Op:pyrLBI	3	b4246,b4245,b4244
Op:qmcA-ybbJ	2	b0489,b0488
Op:qseBC	2	b3025,b3026
Op:rapA-rluA	2	b0059,b0058
Op:ratA-yfjF	2	b2619,b2618
Op:ravA-viaA	2	b3746,b3745
Op:rbsDACBKR	6	b3748,b3749,b3750,b3751,b3752,b3753
Op:rclABC	3	b0304,b0303,b0301
Op:rcnAB	2	b2106,b2107
Op:rcsDB	2	b2216,b2217
Op:rcsF-trmO	2	b0196,b0195
Op:recAX	2	b2699,b2698
Op:recET-ralR-rcbA-xisR-intR	6	b1350,b1349,b1348,b1347,b1346,b1345
Op:relA-mazEFG	4	b2784,b2783,b2782,b2781
Op:relBE-hokD	3	b1564,b1563,b1562
Op:rfaD-waaFCL	4	b3619,b3620,b3621,b3622
Op:rfbBDACX	5	b2041,b2040,b2039,b2038,b2037
Op:rfe-wzzE-wecBC-rffGHC-wecE-wzxE-wecF-wzyE-rffM	11	b3784,b3785,b3786,b3787,b3788,b3789,b3790,b3791,b3792,b3793,b3794
Op:rhaBAD	3	b3904,b3903,b3902
Op:rhaSR	2	b3905,b3906
Op:rhoL-rho	2	b3782,b3783
Op:rhsA-yibA	2	b3593,b3594
Op:rhsC-ybfB	2	b0700,b0702
Op:rhsD-ybbC-ylbH-ybbD	4	b0497,b0498,b0499,b0501
Op:rhsE-ydcD	2	b1456,b1457
Op:ribF-ileS-lspA-fkpB-ispH	5	b0025,b0026,b0027,b0028,b0029
Op:rirA-waaQGPSBOJYZU	10	b3632,b3631,b3630,b3629,b3628,b3627,b3626,b3625,b3624,b3623
Op:rlmE-ftsH	2	b3179,b3178
Op:rlmL-uup	2	b0948,b0949
Op:rluD-pgeF	2	b2594,b2593
Op:rluE-nudJ	2	b1135,b1134
Op:rnc-era-recO-pdxJ-acpS	5	b2567,b2566,b2565,b2564,b2563
Op:rnlAB	2	b2630,b2631
Op:rnt-lhr	2	b1652,b1653
Op:rph-pyrE	2	b3643,b3642
Op:rplKAJL-rpoBC	6	b3983,b3984,b3985,b3986,b3987,b3988
Op:rplM-rpsI	2	b3231,b3230
Op:rplNXE-rpsNH-rplFR-rpsE-rpmD-rplO-secY-rpmJ	12	b3310,b3309,b3308,b3307,b3306,b3305,b3304,b3303,b3302,b3301,b3300,b3299
Op:rplU-rpmA-yhbE-obgE	4	b3186,b3185,b3184,b3183
Op:rpmH-rnpA	2	b3703,b3704
Op:rpnE-ypaA	2	b2244,b4543
Op:rpoZ-spoT-trmH-recG	4	b3649,b3650,b3651,b3652
Op:rppH-ptsP	2	b2830,b2829
Op:rpsF-priB-rpsR-rplI	4	b4200,b4201,b4202,b4203
Op:rpsJ-rplCDWB-rpsS-rplV-rpsC-rplP-rpmC-rpsQ	11	b3321,b3320,b3319,b3318,b3317,b3316,b3315,b3314,b3313,b3312,b3311
Op:rpsLG-fusA-tufA	4	b3342,b3341,b3340,b3339
Op:rpsMKD-rpoA-rplQ	5	b3298,b3297,b3296,b3295,b3294
Op:rpsP-rimM-trmD-rplS	4	b2609,b2608,b2607,b2606
Op:rpsU-dnaG-rpoD	3	b3065,b3066,b3067
Op:rseD-rpoE-rseABC	5	b4725,b2573,b2572,b2571,b2570
Op:rsfS-rlmH-mrdAB-rlpA	5	b0637,b0636,b0635,b0634,b0633
Op:rsmD-yhhL	2	b3465,b3466
Op:rsmE-gshB	2	b2946,b2947
Op:rspAB	2	b1581,b1580
Op:rssAB	2	b1234,b1235
Op:rstAB	2	b1608,b1609
Op:rtcBA	2	b3421,b4475
Op:rutABCDEFG	7	b1012,b1011,b1010,b1009,b1008,b1007,b1006
Op:ruvAB	2	b1861,b1860
Op:safA-ydeO	2	b1500,b1499
Op:sanA-yeiS	2	b2144,b2145
Op:sapABCDF	5	b1294,b1293,b1292,b1291,b1290
Op:sbcDC	2	b0398,b0397
Op:sbmA-yaiW	2	b0377,b0378
Op:scpA-argK-scpBC	4	b2917,b2918,b2919,b2920
Op:sdaCB	2	b2796,b2797
Op:sdhCDAB-sucABCD-sdhX	8	b0721,b0722,b0723,b0724,b0726,b0727,b0728,b0729
Op:sdhE-ygfX	2	b2897,b2896
Op:secE-nusG	2	b3981,b3982
Op:secMA-mutT	3	b0097,b0098,b0099
Op:selAB	2	b3591,b3590
Op:seqA-pgm	2	b0687,b0688
Op:serB-radA-nadR	3	b4388,b4389,b4390
Op:serC-aroA	2	b0907,b0908
Op:sfmCD	2	b0531,b0532
Op:sfmHF	2	b0533,b0534
Op:sfsA-dksA-gluQ	3	b0146,b0145,b0144
Op:sgcXBCQAER	7	b4305,b4565,b4304,b4303,b4302,b4301,b4300
Op:sgrR-sroA-thiBPQ	4	b0069,b0068,b0067,b0066
Op:sgrST-setA	2	b4662,b0070
Op:slp-dctR	2	b3506,b3507
Op:solA-yceO	2	b1059,b1058
Op:speAB	2	b2938,b2937
Op:speFLF-potE	2	b0693,b0692
Op:srkA-dsbA	2	b3859,b3860
Op:srlAEBD-gutM-srlR-gutQ	7	b2702,b2703,b2704,b2705,b2706,b2707,b2708
Op:sspAB	2	b3229,b3228
Op:ssuEADCB	5	b0937,b0936,b0935,b0934,b0933
Op:stfE-tfaE	2	b1157,b1156
Op:stfR-tfaR	2	b1372,b1373
Op:sufABCDSE	6	b1684,b1683,b1682,b1681,b1680,b1679
Op:tag-yiaC	2	b3549,b3550
Op:talA-tktB	2	b2464,b2465
Op:tamAB-ytfP	3	b4220,b4221,b4222
Op:tar-tap-cheRBYZ	6	b1886,b1885,b1884,b1883,b1882,b1881
Op:tatABCD	4	b3836,b3838,b3839,b4483
Op:tauABCD	4	b0365,b0366,b0367,b0368
Op:tdcABCDEFG	7	b3118,b3117,b3116,b3115,b3114,b3113,b4471
Op:tehAB	2	b1429,b1430
Op:tesA-ybbO	2	b0494,b0493
Op:tff-rpsB-tsf	2	b0169,b0170
Op:tgt-yajC-secDF	4	b0406,b0407,b0408,b0409
Op:thiCEFSGH	6	b3994,b3993,b3992,b4407,b3991,b3990
Op:thiMD	2	b2104,b2103
Op:thrLABC	4	b0001,b0002,b0003,b0004
Op:thrS-infC-rpmI-rplT-pheMST-ihfA	8	b1719,b1718,b1717,b1716,b1715,b1714,b1713,b1712
Op:tnaCAB	3	b3707,b3708,b3709
Op:tolB-pal-cpoB	3	b0740,b0741,b0742
Op:tolC-ygiBC	3	b3035,b3037,b3038
Op:tomB-hha	2	b0461,b0460
Op:topAI-yjhQ	2	b4566,b4307
Op:torCAD	3	b0996,b0997,b0998
Op:torYZ	2	b1873,b1872
Op:treBC	2	b4240,b4239
Op:trpLEDCBA	6	b1265,b1264,b1263,b1262,b1261,b1260
Op:tsaB-yeaY	2	b1807,b1806
Op:ttdABT	3	b3061,b3062,b3063
Op:ubiCA	2	b4039,b4040
Op:ubiEJB	3	b3833,b3834,b3835
Op:udk-dcd	2	b2066,b2065
Op:ugpBAECQ	5	b3453,b3452,b3451,b3450,b3449
Op:uidABC	3	b1617,b1616,b1615
Op:ulaABCDEF	6	b4193,b4194,b4195,b4196,b4197,b4198
Op:umpG-pcm	2	b2744,b2743
Op:umuDC	2	b1183,b1184
Op:upp-uraA	2	b2498,b2497
Op:uvrYC	2	b1914,b1913
Op:uxaCA	2	b3092,b3091
Op:uxuAB	2	b4322,b4323
Op:waaA-coaD	2	b3633,b3634
Op:wbbIJK	3	b2034,b2033,b2032
Op:wcaCDEF-gmd-fcl-gmm-wcaI-cpsBG-wcaJ-wzxC	12	b2057,b2056,b2055,b2054,b2053,b2052,b2051,b2050,b2049,b2048,b2047,b2046
Op:wcaKLM	3	b2045,b2044,b2043
Op:wrbA-yccJ	2	b1004,b1003
Op:wza-wzb-wzc-wcaAB	5	b2062,b2061,b2060,b2059,b2058
Op:xanQ-guaD-ghxQ	3	b2882,b2883,b4464
Op:xapAB	2	b2407,b2406
Op:xdhABC	3	b2866,b2867,b2868
Op:xerD-dsbC-recJ-prfB-lysS	5	b2894,b2893,b2892,b2891,b2890
Op:xseB-ispA-dxs-yajO	4	b0422,b0421,b0420,b0419
Op:xylAB	2	b3565,b3564
Op:xylFGHR	4	b3566,b3567,b3568,b3569
Op:yabPQ	2	b0056,b0057
Op:yacC-speED	3	b0122,b0121,b0120
Op:yadGH	2	b0127,b0128
Op:yadMLKC	4	b0138,b0137,b0136,b0135
Op:yadV-htrE	2	b0140,b0139
Op:yaeP-rof	2	b4406,b0189
Op:yaeQ-arfB-nlpE	3	b0190,b0191,b0192
Op:yafDE	2	b0209,b0210
Op:yafY-ykfBF-yafX-ykfGH-yafW-ykfI	8	b0251,b0250,b0249,b0248,b0247,b4504,b0246,b0245
Op:yagAB-insX	2	b0267,b0266
Op:yagEF	2	b0268,b0269
Op:yagGH	2	b0270,b0271
Op:yagML	2	b0279,b0278
Op:yahDEFG	4	b0318,b0319,b0320,b0321
Op:yahIJ	2	b0323,b0324
Op:yajG-ampG	2	b0434,b0433
Op:ybaB-recR	2	b0471,b0472
Op:ybbAP	2	b0495,b0496
Op:ybcLM	2	b0545,b0546
Op:ybcN-ninE-ybcO-rusA-ylcG	5	b0547,b0548,b0549,b0550,b4509
Op:ybeD-lipB	2	b0631,b0630
Op:ybeR-djlB	2	b0645,b0646
Op:ybeU-djlC	2	b0648,b0649
Op:ybeZYX-lnt	4	b0660,b0659,b0658,b0657
Op:ybfOC	2	b0703,b0704
Op:ybgA-phr	2	b0707,b0708
Op:ybgC-tolQRA	4	b0736,b0737,b0738,b0739
Op:ybgI-pxpBCA-nei	5	b0710,b0711,b0712,b0713,b0714
Op:ybgQPO	3	b0718,b0717,b0716
Op:ybhP-clsB-ybhN	3	b0790,b0789,b0788
Op:ybiYW	2	b0824,b0823
Op:ybjC-nfsA-rimK-ybjN	4	b0850,b0851,b0852,b0853
Op:ybjJI	2	b0845,b0844
Op:ybjO-rlmC	2	b0858,b0859
Op:ybjQ-amiD	2	b0866,b0867
Op:ycaI-msbA-lpxK-ycaQ	4	b0913,b0914,b0915,b0916
Op:ycaR-kdsB	2	b0917,b0918
Op:yccFS	2	b0961,b0960
Op:ycdXY	2	b1034,b1035
Op:yceD-rpmF-plsX-fabHDG-acpP-fabF	8	b1088,b1089,b1090,b1091,b1092,b1093,b1094,b1095
Op:yceJI	2	b1057,b1056
Op:ycgZ-ymgA-ariR-ymgC	4	b1164,b1165,b1166,b1167
Op:ychQA-kdsA	3	b1213,b1214,b1215
Op:yciCB	2	b1255,b1254
Op:yciGFE	3	b1259,b1258,b1257
Op:yciK-btuR	2	b1271,b1270
Op:yciVOQ	3	b1266,b1267,b1268
Op:yciZT	2	b4596,b1284
Op:ycjMNOPQRSTUV-ymjB-ompG	12	b1309,b1310,b1311,b1312,b1313,b1314,b1315,b1316,b1317,b1318,b4524,b1319
Op:ycjXF-tyrR	3	b1321,b1322,b1323
Op:ycjY-ymjDC-mpaA	4	b1327,b4673,b4525,b1326
Op:ydaGF	2	b1355,b4527
Op:ydaSTUVW-rzpR	6	b1357,b1358,b1359,b1360,b1361,b1362
Op:ydbH-ynbE-ydbL	3	b1381,b1382,b1383
Op:ydbK-ompN	2	b1378,b1377
Op:ydcSTUV-patD	5	b1440,b1441,b1442,b1443,b1444
Op:yddAB	2	b1496,b1495
Op:yddLKJ	3	b1472,b1471,b1470
Op:ydeNM	2	b1498,b1497
Op:ydeTSR	3	b1505,b1504,b1503
Op:ydfABC	3	b1571,b1572,b1573
Op:ydfUT	2	b1560,b1559
Op:ydgI-folM	2	b1605,b1606
Op:ydgK-rsxABCDGE-nth	8	b1626,b1627,b1628,b1629,b1630,b1631,b1632,b1633
Op:ydhIJK	3	b1643,b1644,b1645
Op:ydhYVWXUT	6	b1674,b1673,b1672,b1671,b1670,b1669
Op:ydiFO	2	b1694,b1695
Op:ydiJ-menI-ydiH	3	b1687,b1686,b1685
Op:ydiNB-aroD	3	b1691,b1692,b1693
Op:ydiQRST-fadK	5	b1697,b1698,b1699,b1700,b1701
Op:ydjA-selD-topB	3	b1765,b1764,b1763
Op:ydjLKJIHG	6	b1776,b1775,b1774,b1773,b1772,b1771
Op:ydjXYZ-ynjABCD	7	b1750,b1751,b1752,b1753,b1754,b1755,b1756
Op:yeaGH	2	b1783,b1784
Op:yeaR-yoaG	2	b1797,b1796
Op:yeaVW	2	b1801,b1802
Op:yecDE	2	b1867,b1868
Op:yecM-cutC	2	b1875,b1874
Op:yecN-cmoAB	3	b1869,b1870,b1871
Op:yedEF	2	b1929,b1930
Op:yeeED	2	b2013,b2012
Op:yeeRST-cbeA-cbtA-yeeW	6	b2001,b2002,b2003,b2004,b2005,b2006
Op:yefM-yoeB	2	b2017,b4539
Op:yegL-pphC	2	b2073,b2072
Op:yegRZ	2	b2085,b2083
Op:yegTUV	3	b2098,b2099,b2100
Op:yehDCBA	4	b2111,b2110,b2109,b2108
Op:yehLMPQ	4	b2119,b2120,b2121,b2122
Op:yeiR-lpxT	2	b2173,b2174
Op:yejABEF	4	b2177,b2178,b2179,b2180
Op:yejLM	2	b2187,b2188
Op:yfaATSQP	5	b2230,b2229,b4500,b2226,b2225
Op:yfaX-rhmD-yfaVU	4	b2248,b2247,b2246,b2245
Op:yfbU-hxpA	2	b2294,b2293
Op:yfcUSRQPO	6	b4661,b2336,b2335,b2334,b2333,b2332
Op:yfdGHI	3	b2350,b2351,b2352
Op:yfdONMLK	5	b2358,b2357,b2356,b2355,b2354
Op:yfdPQ	2	b2359,b2360
Op:yfdRST	3	b2361,b2362,b2363
Op:yfdX-frc-oxc-yfdVE	5	b2375,b2374,b2373,b2372,b2371
Op:yfeCD	2	b2398,b2399
Op:yfeKS	2	b2419,b2420
Op:yfeYX	2	b2432,b2431
Op:yffB-dapE-ypfN	3	b2471,b2472,b4547
Op:yffMN	2	b2444,b2445
Op:yffOP	2	b2446,b2447
Op:yffQR	2	b2448,b2449
Op:yfgHI	2	b2505,b2506
Op:yfhM-pbpC	2	b2520,b2519
Op:yfiR-dgcN-yfiB	3	b2603,b2604,b2605
Op:yfjPQ	2	b2632,b2633
Op:yfjR-ypjK-yfjST	4	b2634,b2635,b2636,b2637
Op:yfjXY-ypjJ-yfjZ-ypjF	5	b2643,b2644,b4548,b2645,b2646
Op:ygaVP	2	b2667,b2668
Op:ygaZH	2	b2682,b2683
Op:ygbJK	2	b2736,b2737
Op:ygbLM	2	b2738,b2739
Op:ygcNOP	3	b2766,b2767,b2768
Op:ygcRQ	2	b2770,b2769
Op:ygeLK	2	b2856,b2855
Op:ygfB-pepP-ubiHI	4	b2909,b2908,b2907,b2906
Op:ygfK-ssnA	2	b2878,b2879
Op:ygfM-xdhD	2	b2880,b2881
Op:ygfTS	2	b2887,b2886
Op:yggSTU-rdgB-hemW	4	b2951,b2952,b2953,b2954
Op:yghED	2	b2969,b2968
Op:yghSR	2	b2985,b2984
Op:ygiF-glnE	2	b3054,b3053
Op:ygiM-cca	2	b3055,b3056
Op:ygjJK	2	b3079,b3080
Op:yhaBC	2	b3120,b3121
Op:yhaKL	2	b3106,b3107
Op:yhdN-zntR	2	b3293,b3292
Op:yhdT-panF-prmA	3	b3257,b3258,b3259
Op:yhdWXYZ	4	b3268,b3269,b3270,b3271
Op:yheO-tusDCB	4	b3346,b3345,b3344,b3343
Op:yheSTU	3	b3352,b3353,b3354
Op:yhfG-fic-pabA	3	b3362,b3361,b3360
Op:yhfXW-php-yhfUTS	6	b3381,b3380,b3379,b3378,b3377,b3376
Op:yhfZY	2	b3383,b3382
Op:yhgH-nfuA	2	b3413,b3414
Op:yhiI-rbbA-yhhJ	3	b3487,b3486,b3485
Op:yiaKLMNO-lyxK-sgbHUE	9	b3575,b3576,b3577,b3578,b3579,b3580,b3581,b3582,b3583
Op:yiaWV	2	b3587,b3586
Op:yibIH	2	b3598,b3597
Op:yibN-grxC-secB-gpsA	4	b3611,b3610,b3609,b3608
Op:yicJI	2	b3657,b3656
Op:yicR-rpmBG-mutM	4	b3638,b3637,b3636,b3635
Op:yidHGF	3	b3676,b3675,b3674
Op:yidKJ	2	b3679,b3678
Op:yieEF	2	b3712,b3713
Op:yieP-hsrA	2	b3755,b3754
Op:yifL-dapF-yigA-xerC-yigB	5	b4558,b3809,b3810,b3811,b3812
Op:yigGF	2	b3818,b3817
Op:yihLM	2	b3872,b3873
Op:yihPO	2	b3877,b3876
Op:yihUTS	3	b3882,b3881,b3880
Op:yihXY-dtd-fabY	3	b3885,b3886,b3887
Op:yiiS-uspD	2	b3922,b3923
Op:yjbEFGH	4	b4026,b4027,b4028,b4029
Op:yjbLM	2	b4047,b4048
Op:yjbQR	2	b4056,b4057
Op:yjdIJ	2	b4126,b4127
Op:yjeNO	2	b4157,b4158
Op:yjfKLMC	4	b4183,b4184,b4185,b4186
Op:yjhIHG	3	b4299,b4298,b4297
Op:yjiHG-iadA	3	b4330,b4329,b4328
Op:yjiML	2	b4335,b4334
Op:yjiXA	2	b4353,b4352
Op:yjjB-dnaTC-yjjA	4	b4363,b4362,b4361,b4360
Op:yjjQ-bglJ	2	b4365,b4366
Op:yjjUV	2	b4377,b4378
Op:ykfA-yafZ	2	b0253,b0252
Op:ykfJ-prfH	2	b0235,b0236
Op:ykgEFG	3	b0306,b0307,b0308
Op:ykgMO	2	b0296,b4506
Op:yliM-ompX	2	b4736,b0814
Op:ymcE-gnsA	2	b0991,b4517
Op:ymdAB-clsC	3	b1044,b1045,b1046
Op:ymdE-ycdU	2	b1028,b1029
Op:ymfA-ycfZ	2	b1122,b1121
Op:ymfED	2	b1138,b1137
Op:ymfH-xisE-intE	3	b1142,b1141,b1140
Op:ymfTLMNR-beeE-jayE-ymfQ-ycfK-tfaP	10	b1146,b1147,b1148,b1149,b1150,b1151,b1152,b1153,b1154,b1155
Op:ymgGD	2	b1172,b1171
Op:ymiA-yciX	2	b4522,b4523
Op:ymiC-acnA	2	b4741,b1276
Op:ynaK-ydaY	2	b1365,b1366
Op:ynbABCD	4	b1408,b1409,b1410,b1411
Op:ynfB-speG	2	b1583,b1584
Op:ynfEFGH-dmsD	5	b1587,b1588,b1589,b1590,b1591
Op:ynfO-ydfO	2	b4533,b1549
Op:ynfT-ydfK	2	b4748,b1544
Op:yobA-yebZY	3	b1841,b1840,b1839
Op:yobB-exoX	2	b1843,b1844
Op:yobF-cspC	2	b1824,b1823
Op:yohJK	2	b2141,b2142
Op:ypeA-yfeZ	2	b2434,b2433
Op:ypfJ-tmcA	2	b2475,b2474
Op:yphCB	2	b2545,b2544
Op:yphFED	3	b2548,b2547,b2546
Op:yqaBA	2	b2690,b2689
Op:yqaE-kbp	2	b2666,b2665
Op:yqcC-truC-yqcA	3	b2792,b2791,b2790
Op:yqcE-ygcE	2	b2775,b2776
Op:yqeIJ	2	b2847,b2848
Op:yqgEF	2	b2948,b2949
Op:yqhD-dkgA	2	b3011,b3012
Op:yqiJK	2	b3050,b3051
Op:yqjA-mzrA	2	b3095,b3096
Op:yqjCDEK	4	b3097,b3098,b3099,b3100
Op:yraIJK	3	b3143,b3144,b3145
Op:yrbG-kdsDC-lptCAB-rpoN-hpf-ptsN-rapZ-npr	11	b3196,b3197,b3198,b3199,b3200,b3201,b3202,b3203,b3204,b3205,b3206
Op:yrbN-deaD	2	b4685,b3162
Op:yrdD-tsaC-aroE-yrdB	4	b3283,b3282,b3281,b3280
Op:yrfG-hslRO	3	b3399,b3400,b3401
Op:ytfQRT-yjfF	4	b4227,b4485,b4230,b4231
Op:ytiCD-idlP-iraD	4	b4720,b4721,b4722,b4326
Op:ytjB-lplA	2	b4387,b4386
Op:znuCB	2	b1858,b1859
Op:zraSR	2	b4003,b4004
GS:AccB	2	b3255,b3256
GS:AcrR	10	b0463,b0462,b0464,b1891,b1892,b1531,b1532,b1530,b4063,b4062
GS:Ada	6	b2213,b2213,b4187,b2068,b2212,b2212
GS:AdiY	8	b4117,b3517,b1493,b1492,b3516,b3212,b3213,b3214
GS:AgaR	11	b3135,b3138,b3139,b3140,b3141,b3131,b3136,b3133,b3134,b3137,b3132
GS:AllR	9	b0505,b0512,b0504,b0507,b0514,b0509,b0508,b0511,b0513
GS:AllS	3	b0516,b0517,b0515
GS:AlsR	6	b4087,b4088,b4086,b4085,b4089,b4090
GS:AppY	10	b0980,b0979,b0978,b4592,b0972,b0973,b0974,b0975,b0976,b0977
GS:AraC	18	b0062,b0062,b0063,b0063,b0064,b0064,b0061,b0061,b2841,b1901,b1900,b4460,b0396,b3565,b3564,b1497,b1498,b2840
GS:ArgP	14	b2923,b2916,b0031,b0166,b3702,b3701,b1761,b2838,b4024,b2156,b2234,b2235,b3700,b2236
GS:ArgR	37	b2818,b3959,b3958,b3359,b3957,b0273,b3172,b3960,b4254,b3237,b0863,b0860,b0861,b0864,b0862,b1747,b1745,b1748,b1746,b1744,b0032,b0033,b3212,b3213,b3214,b2309,b2307,b2306,b2308,b3168,b0874,b3169,b3164,b3167,b3170,b3165,b3166
GS:ArsR	3	b3502,b3503,b3501
GS:AscG	10	b2716,b2715,b4291,b4290,b4289,b4288,b4287,b0473,b0330,b0820
GS:AsnC	4	b3744,b3743,b3742,b3741
GS:AtoC	4	b2222,b2224,b2221,b2223
GS:BaeR	8	b2470,b2079,b2078,b2074,b2075,b2076,b2077,b1743
GS:BasR	13	b1040,b1039,b1038,b1037,b1552,b4042,b4312,b0460,b1014,b3025,b3026,b0461,b3207
GS:BetI	4	b0311,b0312,b0313,b0314
GS:BirA	5	b0774,b0775,b0777,b0778,b0776
GS:BluR	4	b1166,b1164,b1165,b1167
GS:BolA	12	b4150,b4150,b1042,b1040,b1039,b1038,b1037,b0839,b0839,b3251,b3250,b3249
GS:BtsR	15	b0114,b0115,b4354,b1042,b1041,b1043,b1040,b1039,b1038,b1037,b1823,b0116,b3236,b0113,b1824
GS:CadC	3	b4131,b4132,b4133
GS:CaiF	10	b0039,b0038,b0037,b0036,b0035,b0040,b0041,b0042,b0043,b0044
GS:Cbl	9	b0936,b0933,b0934,b0935,b0937,b0365,b0366,b0367,b0368
GS:CdaR	9	b0162,b3128,b3124,b3126,b3127,b3125,b2787,b2789,b2788
GS:CecR	5	b0796,b0794,b0795,b0792,b0793
GS:ChbR	12	b1736,b1736,b1738,b1738,b1737,b1737,b1734,b1734,b1733,b1733,b1735,b1735
GS:CreB	5	b4400,b4034,b4033,b4032,b2464
GS:CsgD	27	b1042,b1041,b1043,b1040,b1039,b1038,b1037,b0385,b1071,b1070,b1922,b1937,b1938,b1939,b1940,b1941,b1942,b1943,b1921,b0382,b3661,b0237,b1920,b1004,b1003,b0964,b3156
GS:CspA	2	b2231,b1237
GS:CsqR	4	b3880,b3881,b3882,b3883
GS:CueR	7	b0484,b0123,b0781,b0782,b0783,b0784,b0785
GS:CusR	11	b0575,b0574,b0572,b0573,b0571,b0570,b0432,b0431,b0430,b0429,b0428
GS:CynR	4	b0338,b0340,b0339,b0341
GS:CysB	31	b1987,b2422,b1275,b2750,b2752,b2762,b2763,b2764,b2414,b2421,b2751,b2425,b2424,b2423,b1535,b1379,b0936,b0933,b0934,b0935,b0937,b0365,b0366,b0367,b0368,b1920,b1729,b0602,b1287,b2852,b1810
GS:CytR	13	b2143,b3934,b4382,b4383,b4381,b4384,b2393,b2964,b3363,b3461,b0411,b3831,b1036
GS:Dan	4	b3061,b3062,b3060,b3063
GS:DcuR	12	b4139,b3528,b4138,b4123,b0620,b0619,b4154,b4153,b4152,b4151,b4122,b3403
GS:DeoR	6	b4382,b4383,b4381,b4384,b2964,b0411
GS:DgoR	5	b4477,b4478,b3693,b4479,b3691
GS:DhaR	4	b1200,b1199,b1198,b1201
GS:DicA	7	b1575,b1569,b1579,b1576,b1577,b1567,b1568
GS:DinJ-YafQ	3	b0623,b0226,b0225
GS:DnaA	20	b1415,b3702,b3702,b3701,b3701,b2507,b2508,b2234,b2234,b2235,b2235,b3863,b3700,b3700,b2616,b3461,b0779,b2236,b2236,b4670
GS:DpiA	11	b0564,b0618,b0617,b0616,b0615,b0613,b0614,b0620,b0619,b3093,b3236
GS:DsdC	3	b2366,b2364,b2365
GS:EbgR	2	b3076,b3077
GS:EnvR	2	b0463,b0462
GS:EnvY	2	b2215,b0929
GS:EvgA	18	b2470,b2368,b2367,b2369,b2370,b2374,b3512,b3513,b3514,b2373,b1500,b1499,b1501,b2085,b2083,b2371,b2372,b2375
GS:ExuR	9	b3094,b3093,b4357,b3091,b1521,b3092,b4322,b4323,b4324
GS:FabR	2	b0954,b2323
GS:FadR	22	b0185,b3255,b3256,b2316,b0954,b2323,b1092,b1093,b1091,b1288,b3845,b3846,b1805,b0221,b3081,b2342,b2341,b2344,b0443,b1187,b4018,b3495
GS:FeaR	2	b1385,b1386
GS:FhlA	30	b4079,b2731,b2492,b2725,b2724,b2723,b2722,b2721,b2720,b2719,b2718,b2717,b2713,b2481,b2482,b2483,b2484,b2485,b2486,b2487,b2488,b2489,b2490,b2491,b2726,b2727,b2728,b2729,b2730,b2712
GS:FliZ	20	b1042,b1041,b1043,b1040,b1039,b1038,b1037,b1891,b1892,b1493,b1492,b3512,b3510,b3509,b3513,b3514,b2127,b4376,b1285,b3508
GS:FucR	7	b2800,b2802,b2803,b2799,b2801,b2805,b2804
GS:GadE	31	b0432,b0431,b0430,b0429,b0428,b0180,b1923,b1493,b1492,b3512,b3515,b3516,b3212,b3213,b3214,b2029,b3510,b3509,b3511,b0181,b0179,b0889,b3513,b3514,b4177,b1951,b0178,b3508,b3491,b4056,b4057
GS:GadE-RcsB	9	b4115,b3800,b4131,b4132,b3507,b3517,b3516,b3506,b3491
GS:GadW	20	b3507,b3517,b3517,b1493,b1493,b1492,b1492,b3512,b3515,b3516,b3516,b3510,b3510,b3509,b3509,b3513,b3514,b3506,b3508,b3508
GS:GadX	36	b0451,b0674,b3966,b4131,b4132,b3507,b1634,b3517,b1493,b1492,b3512,b3515,b3515,b3516,b0450,b0485,b3510,b3510,b3509,b3509,b3511,b1237,b0439,b3513,b3514,b3967,b2741,b3506,b1584,b1333,b0486,b1497,b1498,b3508,b3508,b1583
GS:GalR	14	b0759,b0759,b0757,b0757,b0756,b0756,b2943,b2837,b2151,b0758,b0758,b2149,b2150,b2148
GS:GalS	14	b0759,b0759,b0757,b0757,b0756,b0756,b2943,b2837,b2151,b0758,b0758,b2149,b2150,b2148
GS:GatR	6	b2094,b2093,b2092,b2091,b2096,b2095
GS:GcvA	7	b2808,b2904,b2904,b2903,b2903,b2905,b2905
GS:GlaR	3	b2661,b2663,b2662
GS:GlcC	7	b2975,b2976,b2980,b2979,b4468,b4467,b2977
GS:GlpR	9	b2241,b2242,b2243,b3426,b3927,b3926,b2239,b2240,b3925
GS:GlrR	5	b2573,b2572,b2571,b2570,b4725
GS:GntR	12	b1850,b1851,b3437,b3415,b4476,b4267,b4268,b4266,b4264,b4265,b3414,b3413
GS:GutM	7	b2706,b2708,b2702,b2704,b2705,b2703,b2707
GS:HU	8	b0759,b0757,b0756,b0758,b3161,b0688,b0687,b1907
GS:HcaR	6	b2541,b2540,b2542,b2538,b2539,b2537
GS:HdfR	5	b1891,b1892,b3212,b3213,b3214
GS:HicB	2	b4532,b1438
GS:HigA	2	b3082,b3083
GS:HigBA	2	b3082,b3083
GS:HipAB	5	b1507,b1508,b2783,b2782,b2784
GS:HipB	6	b3081,b1507,b1508,b2783,b2782,b2784
GS:HprR	11	b0575,b0574,b0572,b0573,b0571,b0570,b0432,b0431,b0430,b0429,b0428
GS:HyfR	12	b2492,b2481,b2482,b2483,b2484,b2485,b2486,b2487,b2488,b2489,b2490,b2491
GS:HypT	13	b0733,b0734,b2762,b4291,b4290,b4289,b4288,b4287,b3939,b0198,b3940,b0199,b0197
GS:IclR	4	b4015,b4014,b4016,b4018
GS:IdnR	7	b3437,b4476,b4267,b4268,b4266,b4264,b4265
GS:IlvY	2	b3774,b3773
GS:IscR	32	b0156,b0972,b0973,b0974,b0975,b0976,b0977,b2528,b2531,b2530,b2529,b2206,b2203,b2202,b2207,b2208,b2205,b2204,b3414,b2675,b2676,b2673,b2674,b2630,b2631,b1684,b1683,b1682,b1681,b1679,b1680,b1706
GS:KdgR	2	b1850,b1851
GS:KdpE	4	b0698,b0697,b0696,b4513
GS:LacI	3	b0342,b0343,b0344
GS:LeuO	20	b3721,b3722,b3723,b4366,b4133,b2755,b2754,b2760,b2759,b2758,b2757,b2756,b0074,b0073,b0072,b0071,b0075,b0076,b0076,b4365
GS:LldR	6	b3605,b3605,b3603,b3603,b3604,b3604
GS:LrhA	5	b4313,b1891,b1892,b0076,b2289
GS:LsrR	9	b1513,b1516,b1514,b1515,b1517,b1518,b1511,b1512,b1519
GS:LysR	2	b2838,b2839
GS:MalI	3	b1620,b1621,b1622
GS:MalT	10	b4036,b4034,b4033,b4032,b4035,b4037,b3417,b3416,b3571,b0403
GS:MarR	3	b1531,b1532,b1530
GS:MatA	8	b0293,b0294,b1891,b1892,b1922,b1923,b1921,b1920
GS:MazE	3	b2783,b2782,b2781
GS:MazE-MazF	3	b2783,b2782,b2781
GS:McbR	6	b0806,b0953,b3995,b1257,b1258,b1259
GS:MelR	6	b4119,b4119,b4120,b4120,b4118,b4118
GS:MetJ	15	b0605,b0606,b2153,b4013,b3939,b3008,b3829,b3941,b0198,b2942,b3940,b0199,b0197,b3828,b2152
GS:MetR	6	b2551,b2551,b2552,b3829,b4019,b3828
GS:MhpR	6	b0347,b0348,b0349,b0350,b0352,b0351
GS:Mlc	10	b2417,b3418,b1817,b1818,b1819,b1594,b1101,b2415,b2416,b1593
GS:MlrA	10	b4133,b1040,b1039,b1038,b1037,b3190,b3183,b3186,b3185,b3184
GS:MngR	3	b0731,b0732,b0730
GS:MntR	4	b0812,b2392,b1821,b4705
GS:MprA	6	b0463,b0462,b2685,b2686,b2684,b0553
GS:MqsA	8	b1040,b1039,b1038,b1037,b0880,b3021,b3022,b2741
GS:MraZ	17	b0092,b0094,b0084,b0083,b0093,b0089,b0095,b0096,b3742,b0087,b0081,b0091,b0088,b0085,b0086,b0090,b0082
GS:MurR	4	b2429,b2428,b2427,b2427
GS:Nac	21	b3743,b0337,b0336,b1384,b2661,b2663,b2662,b1761,b3212,b3213,b3214,b3742,b3741,b1988,b2393,b1444,b2913,b1440,b1441,b1442,b1443
GS:NadR	4	b0750,b2574,b0931,b0751
GS:NagC	39	b1736,b1738,b1737,b1734,b1733,b1735,b0681,b0682,b4397,b4398,b4399,b4400,b2417,b1061,b3408,b3409,b3410,b4312,b2943,b3729,b3729,b3730,b3730,b1817,b1818,b1819,b0677,b0678,b0676,b0679,b4311,b4310,b4309,b2415,b2416,b0675,b1497,b1498,b1501
GS:NanR	9	b4312,b3225,b4311,b3223,b3222,b4310,b4309,b3224,b3221
GS:NemR	3	b1651,b1650,b1649
GS:NfeR	2	b3070,b3071
GS:NhaR	7	b0019,b0020,b1482,b1024,b1023,b1022,b1021
GS:NikR	6	b3476,b3477,b3478,b3479,b3480,b3481
GS:NimR	2	b1790,b1791
GS:NorR	3	b2709,b2710,b2711
GS:NrdR	9	b2234,b2235,b4238,b2675,b2676,b4237,b2673,b2674,b2236
GS:OmpR	25	b0435,b4131,b4132,b4133,b1040,b1039,b1038,b1037,b1634,b4411,b2344,b3408,b3409,b3410,b1891,b1892,b0553,b2215,b0929,b0929,b1024,b1023,b1022,b1021,b1480
GS:PaaX	14	b1388,b1389,b1390,b1391,b1392,b1393,b1394,b1395,b1396,b1397,b1398,b1399,b1400,b1387
GS:PepA	3	b0032,b0033,b4260
GS:PgrR	8	b1326,b1323,b1322,b1325,b1321,b1327,b4525,b4673
GS:PrpR	5	b0331,b0333,b0334,b0335,b0330
GS:PspF	7	b1304,b1305,b1306,b1307,b1308,b1303,b4050
GS:PurR	32	b0032,b0033,b0337,b0336,b2313,b2904,b2903,b2905,b2553,b2551,b2507,b2508,b1132,b1207,b4177,b1131,b2476,b4005,b0523,b2312,b4006,b0522,b2557,b2499,b2500,b1658,b1849,b1062,b0945,b2938,b2937,b2311
GS:PutA	2	b1014,b1015
GS:PuuR	8	b1297,b1301,b1300,b1298,b1302,b1296,b1299,b4742
GS:QseB	13	b1384,b1384,b4314,b4316,b4317,b4318,b4319,b4320,b4315,b1891,b1892,b3025,b3026
GS:RbsR	9	b1623,b4005,b4006,b3749,b3751,b3750,b3748,b3752,b3753
GS:RcdA	11	b1597,b1163,b1040,b1039,b1038,b1037,b0953,b3995,b0958,b0277,b1536
GS:RclR	3	b0304,b0303,b0301
GS:RcnR	3	b2106,b2107,b2105
GS:RcsAB	16	b1040,b1039,b1038,b1037,b1891,b1892,b1951,b2059,b2058,b2062,b2061,b2060,b4026,b4027,b4028,b4029
GS:RcsB	24	b1481,b0094,b0095,b3517,b1493,b1492,b3516,b3510,b3509,b3511,b0891,b1283,b1482,b0892,b2573,b2572,b2571,b2570,b4725,b1500,b1480,b1499,b1501,b3508
GS:RcsB-BglJ	16	b3721,b3722,b3723,b0076,b3188,b1877,b2115,b3027,b3680,b0392,b1408,b1409,b1410,b1411,b1762,b3013
GS:RelB	3	b1562,b1564,b1563
GS:RelB-RelE	3	b1562,b1564,b1563
GS:RhaR	2	b3906,b3905
GS:RhaS	9	b3903,b3904,b3902,b3906,b3906,b3905,b3905,b3907,b3907
GS:Rob	25	b1276,b0463,b0462,b0762,b1415,b3800,b1611,b2237,b0819,b1531,b1532,b1530,b2558,b2159,b0851,b0578,b0852,b4396,b3908,b3035,b0850,b0853,b3037,b3038,b1852
GS:RstA	10	b1597,b1040,b1039,b1038,b1037,b1224,b1225,b1227,b1226,b0929
GS:RtcR	2	b4475,b3421
GS:RutR	17	b0032,b0033,b0592,b3515,b3516,b1651,b1650,b1649,b1285,b1012,b1011,b1010,b1009,b1008,b1007,b1006,b1013
GS:SdiA	7	b0094,b0093,b0093,b0095,b3515,b0953,b3995
GS:SgrR	7	b2379,b0070,b0069,b4662,b0068,b0067,b0066
GS:SlyA	37	b2755,b2754,b2760,b2759,b2758,b2757,b2756,b4293,b4292,b3324,b3325,b3326,b3327,b3328,b3329,b3330,b3331,b3332,b3333,b3334,b3335,b1182,b0076,b1388,b1389,b1390,b1391,b1392,b1393,b1394,b1395,b1396,b1397,b1398,b0622,b0953,b3995
GS:SoxR	8	b2601,b1611,b3908,b4063,b4062,b2600,b4060,b3207
GS:SrlR	7	b2706,b2708,b2702,b2704,b2705,b2703,b2707
GS:StpA	16	b3721,b3722,b3723,b2755,b2754,b2760,b2759,b2758,b2757,b2756,b2912,b0076,b4034,b4033,b4032,b2669
GS:SutR	6	b3607,b1922,b1921,b1434,b1434,b1920
GS:TdcA	7	b3118,b3117,b3116,b3115,b3114,b3113,b4471
GS:TdcR	7	b3118,b3117,b3116,b3115,b3114,b3113,b4471
GS:TorR	12	b3517,b3516,b3510,b3509,b3708,b3709,b3707,b0997,b0996,b0998,b0995,b3508
GS:TreR	2	b4240,b4239
GS:TrpR	12	b1704,b0388,b0390,b3161,b1260,b1261,b1262,b1263,b1264,b1265,b4393,b0389
GS:TyrR	13	b2601,b0754,b0388,b0390,b0112,b0048,b3161,b2600,b4054,b1907,b1907,b1323,b0389
GS:UidR	4	b1617,b1616,b1615,b1618
GS:UlaR	7	b4193,b4194,b4195,b4196,b4197,b4198,b4192
GS:UvrY	3	b2687,b3666,b1501
GS:UxuR	9	b3094,b4321,b4357,b1617,b1616,b1615,b4322,b4323,b4324
GS:XapR	2	b2407,b2406
GS:XylR	8	b0064,b3565,b3564,b4031,b3566,b3567,b3568,b3569
GS:YdeO	20	b0980,b0979,b0978,b4592,b3507,b3512,b3515,b0972,b0973,b0974,b0975,b0976,b0977,b3513,b3514,b1500,b3506,b3923,b1499,b3922
GS:YefM	2	b2017,b4539
GS:YefM-YoeB	2	b2017,b4539
GS:YiaJ	9	b3580,b3583,b3581,b3582,b3575,b3576,b3577,b3578,b3579
GS:YjjQ	10	b2604,b1891,b1892,b0987,b2215,b0786,b4523,b2605,b2603,b4522
GS:YqhC	2	b3012,b3011
GS:ZraR	3	b4002,b4004,b4003
GS:Zur	6	b0296,b4506,b1973,b1857,b1859,b1858
GO:0009088 - threonine biosynthetic process	8	b0001,b0002,b0003,b0004,b3089,b3116,b3433,b3823
GO:0009086 - methionine biosynthetic process	12	b0002,b0260,b0261,b3008,b3433,b3828,b3829,b3938,b3939,b3940,b4013,b4019
GO:0009090 - homoserine biosynthetic process	4	b0002,b3433,b3940,b4024
GO:0009052 - pentose-phosphate shunt, non-oxidative branch	9	b0008,b2029,b2464,b2465,b2914,b2935,b3386,b4089,b4090
GO:0006777 - Mo-molybdopterin cofactor biosynthetic process	14	b0009,b0760,b0761,b0763,b0765,b0781,b0782,b0783,b0784,b0785,b0826,b0827,b3856,b3857
GO:0006970 - response to osmotic stress	28	b0014,b0311,b0312,b0313,b0435,b0692,b0875,b1047,b1048,b1049,b1197,b1283,b1424,b1482,b1488,b1739,b1831,b1896,b1897,b2679,b2741,b3339,b3747,b3980,b4111,b4241,b4359,b4376
GO:0009268 - response to pH	4	b0019,b0020,b1186,b1597
GO:0006418 - tRNA aminoacylation for protein translation	31	b0026,b0144,b0194,b0526,b0642,b0680,b0893,b0930,b1204,b1637,b1713,b1714,b1715,b1719,b1764,b1866,b1876,b2114,b2318,b2400,b2514,b2697,b2890,b3074,b3384,b3559,b3560,b4129,b4155,b4258,b4386
GO:0009226 - nucleotide-sugar biosynthetic process	13	b0030,b0480,b0651,b1613,b2038,b2040,b2041,b2042,b2048,b2049,b2051,b3730,b3962
GO:0009089 - lysine biosynthetic process via diaminopimelate	18	b0031,b0166,b2156,b2306,b2307,b2308,b2310,b2472,b2478,b2838,b2839,b3359,b3433,b3809,b4024,b4131,b4132,b4139
GO:0006526 - arginine biosynthetic process	24	b0032,b0033,b0273,b0323,b0402,b0521,b0860,b0861,b0862,b0864,b2306,b2307,b2308,b2310,b2818,b3073,b3172,b3237,b3359,b3957,b3958,b3959,b3960,b4254
GO:0006221 - pyrimidine nucleotide biosynthetic process	12	b0032,b0033,b0323,b0425,b0521,b0945,b1062,b1281,b1658,b3642,b4244,b4246
GO:0042413 - carnitine catabolic process	6	b0035,b0036,b0038,b0039,b0043,b0044
GO:0006097 - glyoxylate cycle	5	b0039,b4014,b4015,b4016,b4018
GO:0046656 - folic acid biosynthetic process	11	b0048,b0142,b0529,b1096,b1812,b2153,b2315,b2551,b3058,b3177,b3360
GO:0008615 - pyridoxine biosynthetic process	10	b0052,b0420,b1302,b1638,b1779,b2320,b2564,b2927,b3073,b3591
GO:0009314 - response to radiation	8	b0060,b0779,b1633,b1749,b1913,b2159,b4044,b4058
GO:0009432 - SOS response	24	b0060,b0231,b0685,b0779,b0799,b0890,b0958,b1061,b1183,b1184,b1728,b1848,b1860,b1861,b2009,b2616,b2699,b3631,b3813,b4043,b4044,b4058,b4059,b4347
GO:0009228 - thiamin biosynthetic process	14	b0066,b0067,b0068,b0417,b0420,b0423,b2103,b2104,b2214,b3990,b3991,b3992,b3993,b3994
GO:0009098 - leucine biosynthetic process	16	b0071,b0072,b0073,b0074,b0075,b0076,b0401,b0889,b3454,b3455,b3456,b3457,b3458,b3460,b3770,b4054
GO:0006096 - glycolysis	18	b0080,b0113,b0114,b0115,b0116,b0186,b0755,b1676,b1779,b1854,b2097,b2168,b2696,b2779,b2926,b3919,b4025,b4395
GO:0042158 - lipoprotein biosynthetic process	5	b0082,b0453,b0641,b0657,b4386
GO:0009252 - peptidoglycan biosynthetic process	40	b0084,b0085,b0086,b0087,b0088,b0090,b0091,b0092,b0149,b0381,b0635,b1193,b1507,b1508,b1677,b1782,b1830,b2134,b2328,b2435,b2519,b2701,b2813,b2817,b2963,b3176,b3182,b3189,b3208,b3249,b3250,b3396,b3729,b3730,b3967,b3972,b4150,b4169,b4208,b4392
GO:0000270 - peptidoglycan metabolic process	12	b0086,b0110,b0433,b1107,b1192,b1243,b1244,b1245,b1246,b1247,b1329,b4233
GO:0009245 - lipid A biosynthetic process	11	b0096,b0179,b0181,b0182,b0524,b0915,b0918,b1054,b1855,b2378,b3633
GO:0009152 - purine ribonucleotide biosynthetic process	6	b0104,b0474,b1207,b1232,b2518,b3648
GO:0009435 - NAD biosynthetic process	16	b0109,b0639,b0750,b0759,b0931,b1385,b1734,b1740,b1768,b2041,b2053,b2574,b3619,b3788,b4119,b4390
GO:0009094 - L-phenylalanine biosynthetic process	7	b0112,b0576,b0754,b2598,b2599,b2600,b4054
GO:0006571 - tyrosine biosynthetic process	5	b0112,b1907,b2599,b2600,b4054
GO:0006086 - acetyl-CoA biosynthetic process from pyruvate	3	b0114,b0115,b0116
GO:0009436 - glyoxylate catabolic process	6	b0114,b0115,b0116,b1850,b2976,b3236
GO:0006099 - tricarboxylic acid cycle	20	b0116,b0118,b0720,b0721,b0722,b0723,b0724,b0726,b0727,b0728,b0729,b0730,b1136,b1276,b1611,b1612,b2210,b3236,b3956,b4122
GO:0006596 - polyamine biosynthetic process	19	b0120,b0121,b0692,b0693,b0854,b0855,b0856,b0857,b1123,b1124,b1125,b1126,b1584,b1658,b2220,b2937,b2938,b2965,b2988
GO:0006006 - glucose metabolic process	13	b0124,b0688,b1002,b1197,b1236,b1896,b1897,b3176,b3355,b3437,b3565,b4240,b4241
GO:0009401 - phosphoenolpyruvate-dependent sugar phosphotransferase system	6	b0129,b2383,b2387,b4193,b4194,b4304
GO:0015937 - coenzyme A biosynthetic process	7	b0131,b0133,b0134,b0586,b3258,b3639,b3974
GO:0046349 - amino sugar biosynthetic process	15	b0149,b0675,b0676,b0677,b0678,b0679,b3131,b3133,b3134,b3140,b3222,b3223,b3224,b3225,b3729
GO:0006826 - iron ion transport	24	b0152,b0584,b0585,b0586,b0587,b0588,b0589,b0590,b0592,b0805,b1102,b1902,b1905,b3005,b3006,b3336,b3337,b3408,b3409,b4287,b4289,b4290,b4291,b4292
GO:0009266 - response to temperature stimulus	21	b0161,b0437,b0623,b0731,b0909,b0989,b0990,b1379,b1823,b1829,b1838,b2378,b2572,b2573,b3400,b3461,b3556,b3686,b3687,b3931,b3989
GO:0006807 - nitrogen compound metabolic process	19	b0167,b0340,b0450,b0505,b0512,b0516,b0517,b1223,b1297,b1469,b1658,b1988,b3053,b3202,b3212,b3213,b3214,b3367,b3870
GO:0006542 - glutamine biosynthetic process	10	b0167,b0809,b0810,b0811,b0863,b1297,b2553,b3868,b3869,b3870
GO:0009386 - translational attenuation	7	b0172,b0676,b2696,b3306,b3319,b3984,b4172
GO:0008654 - phospholipid biosynthetic process	19	b0175,b0418,b0789,b1090,b1249,b1278,b1805,b1912,b2585,b2828,b3018,b3450,b3451,b3452,b3453,b4041,b4042,b4160,b4359
GO:0006401 - RNA catabolic process	14	b0183,b0214,b0611,b1084,b1286,b1652,b1804,b2567,b2696,b3164,b3643,b3704,b4162,b4179
GO:0006805 - xenobiotic metabolic process	36	b0192,b0338,b0339,b0340,b0341,b0444,b0605,b0606,b1324,b1531,b1532,b1646,b1650,b1656,b1732,b1797,b1874,b2392,b2456,b2457,b2480,b2495,b3292,b3469,b3494,b3502,b3706,b3887,b3908,b3911,b3912,b4484,b3924,b3942,b4062,b4063
GO:0009242 - colanic acid biosynthetic process	27	b0196,b0757,b0758,b0759,b1236,b1613,b1951,b2028,b2043,b2044,b2045,b2047,b2048,b2049,b2050,b2051,b2052,b2053,b2054,b2055,b2057,b2058,b2059,b2060,b2061,b2217,b2218
GO:0009102 - biotin biosynthetic process	11	b0210,b0424,b0774,b0775,b0776,b0777,b0778,b1593,b3412,b3551,b3973
GO:0017004 - cytochrome complex assembly	30	b0211,b0721,b0974,b0996,b1057,b1227,b1418,b1476,b1974,b2194,b2195,b2196,b2197,b2198,b2199,b2200,b2201,b2202,b2203,b2995,b3518,b3792,b3892,b4070,b4071,b4074,b4075,b4076,b4136,b4137
GO:0009438 - methylglyoxal metabolic process	5	b0212,b0963,b1415,b1651,b3588
GO:0006508 - proteolysis	8	b0214,b0885,b0955,b2699,b3235,b3571,b3931,b3932
GO:0019395 - fatty acid oxidation	30	b0221,b0330,b0331,b0333,b0335,b0346,b0347,b0348,b0349,b0350,b0351,b0352,b0353,b1187,b1694,b1805,b2219,b2220,b2221,b2222,b2223,b2224,b2341,b2344,b2797,b2917,b3081,b3548,b3845,b3846
GO:0009244 - lipopolysaccharide core region biosynthetic process	18	b0222,b0915,b0918,b1215,b3052,b3620,b3621,b3622,b3623,b3624,b3625,b3629,b3630,b3631,b3632,b3633,b3790,b3842
GO:0006561 - proline biosynthetic process	8	b0242,b0243,b0386,b1015,b2677,b2678,b2679,b4111
GO:0006071 - glycerol metabolic process	17	b0261,b0921,b2239,b2240,b2241,b2242,b2243,b3426,b3449,b3450,b3451,b3452,b3453,b3608,b3926,b3927,b3945
GO:0006578 - betaine biosynthetic process	4	b0311,b0312,b0314,b2679
GO:0009440 - cyanate catabolic process	3	b0339,b0340,b0341
GO:0006113 - fermentation	33	b0356,b0823,b1241,b1300,b1380,b1415,b1611,b1676,b1800,b1854,b2718,b2719,b2720,b2721,b2722,b2723,b2724,b2725,b2727,b2731,b3061,b3062,b3114,b3236,b3956,b4003,b4004,b4079,b4122,b4151,b4152,b4153,b4154
GO:0000271 - polysaccharide biosynthetic process	8	b0363,b1594,b3049,b3428,b3429,b3430,b3431,b3432
GO:0006790 - sulfur metabolic process	31	b0365,b0366,b0367,b0368,b0933,b0935,b0937,b1498,b1757,b1987,b2413,b2422,b2423,b2424,b2425,b2521,b2522,b2750,b2751,b2752,b2762,b2763,b2764,b2810,b3678,b3800,b3801,b3917,b4083,b4136,b4214
GO:0006793 - phosphorus metabolic process	33	b0383,b0384,b0399,b0400,b0934,b0936,b0980,b1020,b2501,b2502,b2987,b3493,b3608,b3724,b3725,b3726,b3727,b3728,b3779,b3821,b3825,b4092,b4094,b4095,b4096,b4097,b4099,b4100,b4101,b4102,b4105,b4106,b4226
GO:0042594 - response to starvation	17	b0384,b0564,b0598,b0812,b0937,b0980,b1020,b1580,b1581,b2570,b2571,b3228,b3229,b3506,b3650,b3779,b4354
GO:0009423 - chorismate biosynthetic process	9	b0388,b0908,b1693,b1981,b2329,b2601,b3281,b3389,b3390
GO:0006308 - DNA catabolic process	26	b0397,b0398,b0422,b0550,b0779,b0790,b1350,b1633,b1652,b1749,b1844,b1913,b1960,b2011,b2159,b2509,b2798,b2819,b2820,b2822,b2892,b2945,b3998,b4345,b4346,b4350
GO:0000272 - polysaccharide catabolic process	9	b0403,b0772,b1309,b1927,b3416,b3417,b3531,b3571,b3898
GO:0009101 - glycoprotein biosynthetic process	13	b0453,b1041,b1042,b1471,b1949,b2823,b2825,b2826,b4314,b4315,b4318,b4319,b4320
GO:0006310 - DNA recombination	21	b0472,b0912,b1712,b1860,b1861,b1863,b2565,b2616,b2699,b2819,b2820,b2822,b2894,b3261,b3700,b3811,b3822,b4059,b4260,b4312,b4313
GO:0009442 - allantoin assimilation pathway	7	b0505,b0507,b0509,b0512,b0514,b0516,b0517
GO:0009441 - glycolate metabolic process	6	b0507,b0509,b0514,b1415,b2799,b3125
GO:0006164 - purine nucleotide biosynthetic process	16	b0522,b0523,b1131,b1658,b1849,b2312,b2476,b2499,b2500,b2507,b2508,b2557,b4005,b4006,b4177,b4208
GO:0009296 - flagellum assembly	34	b0533,b1070,b1072,b1073,b1074,b1075,b1076,b1077,b1078,b1079,b1080,b1081,b1082,b1083,b1185,b1879,b1891,b1892,b1923,b1924,b1925,b1926,b1937,b1938,b1939,b1940,b1942,b1943,b1944,b1945,b1946,b1947,b1948,b1949
GO:0009239 - enterobactin biosynthetic process	6	b0583,b0586,b0593,b0594,b0595,b0596
GO:0019184 - nonribosomal peptide biosynthetic process	3	b0586,b0594,b0595
GO:0008152 - metabolic process	5	b0600,b0772,b1463,b3358,b3665
GO:0042967 - acyl-carrier-protein biosynthetic process	2	b0617,b1094
GO:0009107 - lipoate biosynthetic process	2	b0628,b0630
GO:0006537 - glutamate biosynthetic process	10	b0652,b0653,b0654,b0655,b1761,b3212,b3213,b3214,b3653,b4077
GO:0006532 - aspartate biosynthetic process	6	b0652,b0653,b0654,b0928,b3653,b4077
GO:0006529 - asparagine biosynthetic process	5	b0674,b1453,b3743,b3744,b4139
GO:0006094 - gluconeogenesis	13	b0755,b1479,b1702,b1779,b2696,b2779,b2926,b2927,b3236,b3403,b4025,b4232,b4395
GO:0006012 - galactose metabolic process	4	b0757,b0758,b0759,b1236
GO:0009269 - response to desiccation	10	b0757,b0758,b0759,b1236,b1613,b2028,b2048,b2049,b2052,b2053
GO:0015847 - putrescine transport	4	b0854,b0855,b0856,b0857
GO:0006545 - glycine biosynthetic process	6	b0870,b1658,b2551,b2679,b4208,b4388
GO:0042867 - pyruvate catabolic process	3	b0871,b2296,b2297
GO:0006564 - L-serine biosynthetic process	6	b0907,b2796,b2913,b3089,b3824,b4388
GO:0009248 - K antigen biosynthetic process	5	b0915,b0918,b1215,b1951,b3633
GO:0009250 - glucan biosynthetic process	3	b1047,b1048,b4359
GO:0007049 - cell cycle	4	b1055,b2566,b2879,b3865
GO:0006523 - alanine biosynthetic process	5	b1190,b3572,b3770,b4053,b4208
GO:0000162 - tryptophan biosynthetic process	10	b1260,b1261,b1262,b1263,b1264,b1265,b1704,b3161,b3709,b4393
GO:0019344 - cysteine biosynthetic process	6	b1275,b1920,b1987,b2414,b2421,b3607
GO:0006306 - DNA methylation	6	b1335,b1961,b3387,b4348,b4349,b4351
GO:0006520 - cellular amino acid metabolic process	4	b1493,b2810,b3517,b4139
GO:0006259 - DNA metabolic process	4	b1507,b1508,b2345,b3647
GO:0000105 - histidine biosynthetic process	12	b1658,b2018,b2019,b2020,b2021,b2022,b2023,b2024,b2025,b2026,b2306,b2309
GO:0009255 - Entner-Doudoroff pathway	3	b1850,b1851,b3438
GO:0009051 - pentose-phosphate shunt, oxidative branch	2	b1852,b2029
GO:0015986 - ATP synthesis coupled proton transport	12	b1941,b3469,b3731,b3732,b3733,b3734,b3735,b3736,b3737,b3738,b3739,b4242
GO:0009243 - O antigen biosynthetic process	13	b2027,b2035,b2036,b2037,b2038,b2039,b2040,b2041,b3176,b3729,b3730,b3788,b3789
GO:0009103 - lipopolysaccharide biosynthetic process	6	b2033,b2035,b2038,b2039,b2064,b3618
GO:0019305 - dTDP-rhamnose biosynthetic process	2	b2038,b2039
GO:0006950 - response to stress	9	b2257,b2681,b2744,b3088,b3494,b3495,b3860,b3923,b4187
GO:0045733 - acetate catabolic process	3	b2296,b2297,b4069
GO:0042966 - biotin carboxyl carrier protein biosynthetic process	2	b2510,b3255
GO:0009450 - gamma-aminobutyric acid catabolic process	2	b2661,b2662
GO:0009447 - putrescine catabolic process	2	b2661,b2662
GO:0006750 - glutathione biosynthetic process	3	b2688,b2947,b4208
GO:0006556 - S-adenosylmethionine biosynthetic process	3	b2942,b3829,b4019
GO:0009246 - enterobacterial common antigen biosynthetic process	11	b3176,b3730,b3784,b3785,b3786,b3787,b3788,b3789,b3791,b3793,b3794
GO:0016070 - RNA metabolic process	2	b4475,b4307
GO:0009297 - pilus assembly	3	b3842,b4312,b4313
